Name,x1,y1,x2,y2,label
rip-1568.png,238,69,608,582,1
rip-581.png,211,174,622,699,1
rip-1366.png,320,226,561,610,1
rip-1600.png,286,228,560,526,1
rip-613.png,260,107,712,822,1
rip-1398.png,255,219,548,591,1
rip-1632.png,165,169,573,566,1
rip-645.png,322,93,649,702,1
rip-1435.png,263,110,583,626,1
rip-1664.png,230,207,655,617,1
rip-677.png,497,269,839,751,1
rip-1467.png,311,333,505,695,1
rip-1696.png,496,19,782,453,1
rip-709.png,434,239,707,711,1
rip-1728.png,340,233,739,551,1
rip-746.png,262,95,726,728,1
rip-1760.png,230,143,365,470,1
rip-780.png,246,376,439,796,1
rip-25.png,140,92,601,534,1
rip-813.png,124,40,506,659,1
rip-57.png,143,30,333,358,1
rip-845.png,168,73,622,745,1
rip-93.png,242,57,640,680,1
rip-877.png,154,109,618,536,1
rip-125.png,295,33,619,652,1
rip-909.png,257,213,544,689,1
rip-157.png,39,33,438,512,1
rip-941.png,169,261,478,645,1
rip-189.png,280,78,785,890,1
rip-973.png,130,134,510,574,1
rip-221.png,159,60,538,494,1
rip-1005.png,85,142,636,716,1
rip-253.png,262,55,565,575,1
rip-1037.png,134,134,716,738,1
rip-285.png,247,96,524,579,1
rip-1069.png,307,38,775,780,1
rip-317.png,110,119,648,776,1
rip-1101.png,164,31,615,600,1
rip-349.png,86,140,772,824,1
rip-1137.png,117,61,519,509,1
rip-383.png,97,68,606,611,1
rip-1174.png,182,75,547,683,1
rip-415.png,130,113,548,580,1
rip-1206.png,252,64,600,477,1
rip-453.png,109,209,437,670,1
rip-1238.png,172,164,435,644,1
rip-485.png,255,27,677,641,1
rip-1270.png,296,122,554,624,1
rip-1504.png,285,154,495,662,1
rip-517.png,378,174,928,814,1
rip-1302.png,189,78,651,687,1
rip-1536.png,313,267,582,592,1
rip-549.png,292,108,784,899,1
rip-1334.png,242,170,536,539,1
rip-1337.png,181,225,552,581,1
rip-1571.png,276,153,595,611,1
rip-584.png,314,261,674,912,1
rip-1369.png,217,139,443,535,1
rip-1603.png,287,35,526,651,1
rip-616.png,232,58,695,809,1
rip-1401.png,281,148,518,630,1
rip-1635.png,250,169,577,690,1
rip-648.png,432,54,754,915,1
rip-1438.png,295,156,516,556,1
rip-1667.png,377,84,612,546,1
rip-680.png,312,103,694,866,1
rip-1470.png,377,165,604,674,1
rip-712.png,419,242,730,715,1
rip-1731.png,333,119,608,653,1
rip-749.png,356,86,699,707,1
rip-1763.png,211,214,543,699,1
rip-783.png,126,284,801,925,1
rip-28.png,186,20,517,456,1
rip-816.png,127,54,259,343,1
rip-60.png,261,35,496,588,1
rip-848.png,222,199,700,690,1
rip-96.png,264,58,794,782,1
rip-128.png,135,82,510,532,1
rip-912.png,266,435,451,782,1
rip-160.png,232,115,480,521,1
rip-944.png,152,620,537,840,1
rip-192.png,77,101,421,495,1
rip-224.png,183,28,470,478,1
rip-1008.png,82,119,715,635,1
rip-256.png,120,176,569,586,1
rip-1040.png,161,162,663,697,1
rip-288.png,211,64,470,556,1
rip-1072.png,67,137,670,660,1
rip-320.png,208,30,440,548,1
rip-1104.png,338,30,607,605,1
rip-352.png,274,26,529,639,1
rip-1145.png,35,45,624,659,1
rip-386.png,133,25,604,610,1
rip-1177.png,335,20,643,552,1
rip-418.png,155,151,611,621,1
rip-1209.png,298,17,699,566,1
rip-456.png,316,38,673,703,1
rip-1241.png,393,22,673,619,1
rip-488.png,208,54,644,625,1
rip-1273.png,199,124,556,666,1
rip-1507.png,310,330,601,735,1
rip-520.png,172,25,582,924,1
rip-1305.png,334,188,537,693,1
rip-1539.png,250,183,561,610,1
rip-552.png,251,160,662,806,1
rip-1340.png,362,19,583,623,1
rip-587.png,213,61,495,607,1
rip-1372.png,228,242,497,500,1
rip-619.png,371,164,661,799,1
rip-1404.png,144,158,482,537,1
rip-1638.png,298,192,549,610,1
rip-651.png,350,63,652,689,1
rip-1441.png,267,134,561,612,1
rip-1670.png,384,30,607,645,1
rip-683.png,341,92,686,902,1
rip-1473.png,338,197,533,599,1
rip-716.png,350,223,602,726,1
rip-752.png,326,22,605,728,1
rip-1766.png,251,199,736,695,1
rip-31.png,205,31,721,728,1
rip-819.png,162,142,476,406,1
rip-63.png,194,33,374,388,1
rip-851.png,168,181,593,658,1
rip-99.png,226,29,467,487,1
rip-883.png,250,146,727,645,1
rip-131.png,193,113,486,579,1
rip-915.png,485,135,712,681,1
rip-163.png,118,81,372,376,1
rip-947.png,59,442,793,707,1
rip-195.png,171,40,422,533,1
rip-979.png,80,205,574,562,1
rip-227.png,345,50,659,564,1
rip-1011.png,101,217,629,742,1
rip-259.png,259,75,726,895,1
rip-291.png,176,95,517,589,1
rip-323.png,156,74,621,641,1
rip-355.png,194,162,480,572,1
rip-1148.png,247,148,545,691,1
rip-389.png,65,196,531,648,1
rip-1180.png,343,161,563,586,1
rip-423.png,204,149,651,625,1
rip-459.png,183,138,563,696,1
rip-1244.png,302,144,546,563,1
rip-491.png,62,142,634,641,1
rip-1276.png,185,87,512,665,1
rip-1510.png,341,289,545,625,1
rip-523.png,257,143,670,755,1
rip-1308.png,235,144,511,641,1
rip-1542.png,284,126,576,653,1
rip-555.png,244,176,538,730,1
rip-1343.png,85,147,307,528,1
rip-1577.png,363,108,597,557,1
rip-590.png,262,219,591,522,1
rip-1375.png,303,260,469,576,1
rip-622.png,391,147,693,709,1
rip-1407.png,273,153,547,574,1
rip-654.png,470,179,905,950,1
rip-1444.png,243,90,511,610,1
rip-1673.png,243,259,526,499,1
rip-686.png,177,153,708,728,1
rip-1477.png,234,119,566,590,1
rip-1705.png,282,547,608,832,1
rip-723.png,320,116,712,791,1
rip-1737.png,268,194,537,612,1
rip-755.png,395,104,725,921,1
rip-789.png,196,121,595,645,1
rip-34.png,155,38,523,487,1
rip-822.png,95,79,377,451,1
rip-66.png,144,63,357,387,1
rip-854.png,203,225,619,516,1
rip-102.png,419,313,820,793,1
rip-134.png,182,94,570,602,1
rip-918.png,77,215,582,765,1
rip-166.png,202,150,664,656,1
rip-950.png,138,640,766,940,1
rip-198.png,130,135,660,655,1
rip-982.png,60,166,425,425,1
rip-230.png,212,162,473,569,1
rip-1014.png,233,191,653,665,1
rip-262.png,187,72,494,538,1
rip-1046.png,160,129,631,693,1
rip-294.png,161,93,380,437,1
rip-1078.png,172,122,918,395,1
rip-326.png,214,158,656,694,1
rip-1110.png,136,175,519,634,1
rip-358.png,91,185,540,620,1
rip-1151.png,190,138,535,594,1
rip-392.png,89,66,508,532,1
rip-1183.png,267,65,735,528,1
rip-426.png,170,126,458,474,1
rip-1215.png,224,86,602,561,1
rip-462.png,223,158,523,621,1
rip-1247.png,159,160,509,610,1
rip-494.png,231,396,637,817,1
rip-1279.png,169,155,410,456,1
rip-1513.png,299,204,550,677,1
rip-526.png,415,190,772,806,1
rip-1311.png,259,133,607,594,1
rip-1545.png,241,115,598,689,1
rip-558.png,230,75,725,679,1
rip-1346.png,315,127,534,600,1
rip-1580.png,352,88,580,618,1
rip-593.png,434,282,756,782,1
rip-1378.png,145,234,517,543,1
rip-625.png,409,194,987,909,1
rip-1410.png,269,207,559,656,1
rip-1644.png,312,187,628,588,1
rip-657.png,379,129,884,788,1
rip-1447.png,204,266,608,598,1
rip-1676.png,340,143,669,686,1
rip-689.png,379,162,717,699,1
rip-1480.png,270,94,481,576,1
rip-1708.png,275,314,679,728,1
rip-726.png,298,46,632,796,1
rip-1740.png,145,297,593,595,1
rip-758.png,325,126,744,710,1
rip-1.png,68,54,202,214,1
rip-793.png,301,46,690,632,1
rip-37.png,441,48,654,480,1
rip-825.png,171,192,558,478,1
rip-69.png,217,93,706,740,1
rip-857.png,116,278,569,550,1
rip-105.png,243,199,744,829,1
rip-889.png,185,239,617,610,1
rip-137.png,316,89,904,879,1
rip-921.png,218,446,435,717,1
rip-169.png,96,99,394,542,1
rip-953.png,441,501,627,656,1
rip-201.png,327,164,730,731,1
rip-233.png,235,74,479,526,1
rip-1017.png,203,236,632,519,1
rip-265.png,88,34,413,414,1
rip-1049.png,752,214,860,409,1
rip-297.png,109,76,358,653,1
rip-329.png,65,145,412,550,1
rip-1113.png,122,325,642,584,1
rip-361.png,203,194,598,833,1
rip-1154.png,231,101,576,682,1
rip-395.png,211,18,528,465,1
rip-1186.png,283,73,515,661,1
rip-429.png,53,147,721,818,1
rip-1218.png,250,33,580,525,1
rip-465.png,249,112,608,590,1
rip-1250.png,360,135,652,567,1
rip-1483.png,159,153,564,580,1
rip-497.png,137,255,561,740,1
rip-1282.png,236,148,525,583,1
rip-1516.png,248,268,594,716,1
rip-529.png,262,167,786,803,1
rip-1314.png,269,76,579,488,1
rip-1548.png,226,156,523,570,1
rip-561.png,311,139,515,617,1
rip-1349.png,346,102,636,615,1
rip-1583.png,299,175,566,577,1
rip-596.png,426,134,805,773,1
rip-1381.png,251,140,409,464,1
rip-1615.png,265,294,602,602,1
rip-628.png,193,151,635,713,1
rip-1413.png,248,211,533,577,1
rip-1647.png,211,190,624,626,1
rip-660.png,186,103,761,781,1
rip-1450.png,139,206,408,549,1
rip-692.png,419,107,779,679,1
rip-1711.png,395,295,827,860,1
rip-729.png,407,94,800,725,1
rip-1743.png,345,265,624,601,1
rip-761.png,242,161,665,705,1
rip-4.png,105,81,402,396,1
rip-796.png,251,110,560,648,1
rip-40.png,191,59,726,606,1
rip-828.png,105,89,521,566,1
rip-75.png,211,115,840,983,1
rip-860.png,258,164,633,579,1
rip-108.png,354,30,721,758,1
rip-892.png,133,334,297,486,1
rip-140.png,75,152,625,727,1
rip-924.png,132,308,446,636,1
rip-172.png,154,140,609,618,1
rip-956.png,317,484,598,817,1
rip-204.png,82,87,387,518,1
rip-236.png,168,153,523,573,1
rip-1020.png,169,121,657,674,1
rip-268.png,176,128,574,624,1
rip-1052.png,336,229,601,621,1
rip-300.png,282,185,504,558,1
rip-1084.png,354,365,736,534,1
rip-332.png,179,164,723,720,1
rip-1116.png,238,272,596,501,1
rip-366.png,220,202,588,633,1
rip-1157.png,135,172,528,585,1
rip-398.png,184,175,647,673,1
rip-1189.png,193,168,556,645,1
rip-432.png,234,314,644,598,1
rip-1221.png,337,93,528,566,1
rip-468.png,194,127,642,677,1
rip-1253.png,380,238,764,641,1
rip-1486.png,320,262,529,620,1
rip-500.png,338,109,673,757,1
rip-1285.png,105,158,335,424,1
rip-1519.png,212,207,573,607,1
rip-532.png,296,239,688,756,1
rip-1317.png,216,158,550,608,1
rip-564.png,334,132,690,728,1
rip-1352.png,335,141,658,547,1
rip-1586.png,236,163,549,513,1
rip-599.png,247,79,655,738,1
rip-1384.png,342,59,569,506,1
rip-1618.png,290,205,656,605,1
rip-631.png,200,164,703,547,1
rip-1416.png,265,241,525,544,1
rip-1650.png,239,198,624,607,1
rip-663.png,267,80,728,557,1
rip-1453.png,265,277,511,676,1
rip-695.png,276,163,647,764,1
rip-1714.png,140,264,640,642,1
rip-732.png,215,102,581,610,1
rip-1746.png,287,153,610,561,1
rip-764.png,292,143,705,694,1
rip-7.png,198,58,462,478,1
rip-799.png,220,207,517,768,1
rip-43.png,153,38,316,475,1
rip-831.png,178,180,485,582,1
rip-78.png,150,88,404,528,1
rip-863.png,516,310,761,673,1
rip-111.png,208,145,593,575,1
rip-895.png,244,203,358,378,1
rip-143.png,129,67,476,392,1
rip-927.png,226,185,731,686,1
rip-175.png,132,27,281,289,1
rip-959.png,363,385,525,577,1
rip-207.png,404,72,629,714,1
rip-991.png,264,225,604,605,1
rip-239.png,74,147,467,474,1
rip-1023.png,193,123,660,614,1
rip-271.png,290,76,759,727,1
rip-1055.png,225,65,534,570,1
rip-303.png,200,115,472,564,1
rip-1087.png,120,170,611,597,1
rip-335.png,238,89,516,617,1
rip-1123.png,693,498,236,148,1
rip-369.png,211,153,695,653,1
rip-1160.png,117,131,602,570,1
rip-401.png,260,256,682,803,1
rip-1192.png,227,101,585,668,1
rip-435.png,229,108,462,512,1
rip-1224.png,79,92,628,542,1
rip-471.png,251,145,665,585,1
rip-1256.png,299,30,552,544,1
rip-1489.png,145,63,512,592,1
rip-503.png,251,340,837,581,1
rip-1522.png,263,173,511,711,1
rip-535.png,242,127,714,696,1
rip-1320.png,282,217,614,617,1
rip-1554.png,315,65,604,588,1
rip-567.png,436,109,761,583,1
rip-1355.png,271,62,634,694,1
rip-1589.png,227,234,617,585,1
rip-602.png,238,50,612,574,1
rip-1387.png,237,113,540,567,1
rip-1621.png,303,172,586,590,1
rip-634.png,276,111,645,499,1
rip-1419.png,224,222,512,600,1
rip-1653.png,334,103,642,605,1
rip-666.png,375,172,898,752,1
rip-1456.png,311,349,597,594,1
rip-698.png,355,304,612,641,1
rip-1717.png,327,397,705,785,1
rip-735.png,261,135,733,838,1
rip-1749.png,334,244,607,690,1
rip-767.png,251,176,661,679,1
rip-10.png,168,67,504,488,1
rip-802.png,293,186,794,811,1
rip-46.png,226,31,464,443,1
rip-834.png,230,131,533,466,1
rip-81.png,113,63,410,522,1
rip-866.png,330,383,569,641,1
rip-114.png,284,144,620,625,1
rip-898.png,489,260,627,508,1
rip-146.png,265,64,493,531,1
rip-930.png,578,352,742,609,1
rip-178.png,148,114,475,533,1
rip-962.png,246,407,426,621,1
rip-210.png,136,25,538,541,1
rip-994.png,178,272,799,680,1
rip-242.png,190,172,555,615,1
rip-1026.png,307,243,724,581,1
rip-274.png,178,102,502,511,1
rip-1058.png,202,207,547,656,1
rip-306.png,132,136,511,646,1
rip-338.png,128,110,695,590,1
rip-1126.png,119,90,588,638,1
rip-372.png,232,137,640,657,1
rip-1163.png,202,156,653,638,1
rip-404.png,213,81,765,848,1
rip-1195.png,163,76,528,588,1
rip-438.png,174,86,718,848,1
rip-1227.png,60,55,570,520,1
rip-474.png,97,143,520,640,1
rip-1259.png,243,36,615,430,1
rip-1492.png,306,125,659,552,1
rip-506.png,286,20,550,462,1
rip-1291.png,292,222,574,621,1
rip-1525.png,359,219,541,501,1
rip-538.png,224,47,422,450,1
rip-1323.png,321,159,676,479,1
rip-1557.png,324,172,608,620,1
rip-570.png,265,193,623,659,1
rip-1358.png,255,196,641,610,1
rip-1592.png,288,214,584,543,1
rip-605.png,234,160,635,646,1
rip-1390.png,315,211,585,588,1
rip-1624.png,353,367,635,571,1
rip-637.png,381,81,746,785,1
rip-1427.png,319,248,537,570,1
rip-1656.png,233,234,677,721,1
rip-669.png,264,79,666,617,1
rip-1459.png,288,241,626,610,1
rip-1688.png,587,261,832,435,1
rip-701.png,342,176,687,663,1
rip-1720.png,127,510,244,681,1
rip-738.png,371,136,734,632,1
rip-1752.png,317,257,619,566,1
rip-770.png,341,236,640,723,1
rip-17.png,215,104,600,566,1
rip-805.png,198,268,618,612,1
rip-49.png,245,195,595,570,1
rip-837.png,201,194,527,513,1
rip-84.png,205,188,700,707,1
rip-869.png,195,77,530,600,1
rip-117.png,126,91,350,382,1
rip-149.png,103,156,478,475,1
rip-933.png,362,390,531,634,1
rip-181.png,204,272,576,699,1
rip-965.png,192,426,394,608,1
rip-213.png,323,309,733,810,1
rip-997.png,211,170,618,612,1
rip-245.png,61,164,440,509,1
rip-1029.png,265,121,614,607,1
rip-277.png,195,203,600,627,1
rip-1061.png,163,306,291,489,1
rip-309.png,204,131,579,658,1
rip-341.png,187,150,676,655,1
rip-1129.png,250,92,515,544,1
rip-375.png,134,153,633,592,1
rip-1166.png,208,48,543,529,1
rip-407.png,308,168,627,767,1
rip-1198.png,241,119,561,605,1
rip-445.png,207,91,627,615,1
rip-1230.png,277,44,605,519,1
rip-477.png,151,125,621,642,1
rip-1262.png,286,86,775,699,1
rip-1495.png,321,127,645,621,1
rip-509.png,156,225,664,679,1
rip-1294.png,296,134,578,501,1
rip-1528.png,399,359,616,582,1
rip-541.png,298,159,813,731,1
rip-1326.png,211,280,540,569,1
rip-1560.png,285,254,566,561,1
rip-573.png,271,186,549,656,1
rip-576.png,193,268,859,746,1
rip-1361.png,244,267,709,666,1
rip-1595.png,284,308,495,593,1
rip-608.png,313,289,721,721,1
rip-1393.png,298,235,521,519,1
rip-1627.png,289,240,606,569,1
rip-640.png,298,246,661,693,1
rip-1430.png,307,301,574,645,1
rip-1659.png,202,96,526,572,1
rip-672.png,275,352,694,703,1
rip-1462.png,322,70,576,515,1
rip-1691.png,583,242,916,641,1
rip-704.png,263,159,449,652,1
rip-1723.png,540,223,787,540,1
rip-741.png,276,158,676,701,1
rip-1755.png,152,228,608,922,1
rip-775.png,269,198,752,762,1
rip-20.png,120,89,603,645,1
rip-808.png,317,230,453,351,1
rip-52.png,213,32,601,442,1
rip-840.png,101,160,546,523,1
rip-87.png,320,193,559,643,1
rip-872.png,360,51,677,607,1
rip-120.png,166,51,327,361,1
rip-904.png,348,459,569,642,1
rip-152.png,267,61,603,639,1
rip-936.png,269,243,692,598,1
rip-184.png,234,112,559,625,1
rip-968.png,506,157,725,379,1
rip-216.png,275,41,527,555,1
rip-1000.png,95,134,538,533,1
rip-248.png,301,132,554,533,1
rip-1032.png,134,138,612,631,1
rip-280.png,190,52,417,599,1
rip-1064.png,294,220,549,668,1
rip-312.png,177,40,526,597,1
rip-1096.png,236,102,593,529,1
rip-344.png,186,166,487,612,1
rip-1132.png,178,71,554,532,1
rip-378.png,213,157,635,716,1
rip-1169.png,331,241,608,530,1
rip-410.png,268,160,678,788,1
rip-1201.png,302,138,591,546,1
rip-448.png,221,100,588,590,1
rip-1233.png,353,68,626,549,1
rip-480.png,215,71,578,597,1
rip-1498.png,302,125,542,653,1
rip-512.png,190,191,559,593,1
rip-1297.png,183,190,491,585,1
rip-1531.png,292,325,601,622,1
rip-544.png,176,180,615,747,1
rip-1329.png,201,224,545,504,1
rip-1563.png,279,154,577,614,1
rip-1566.png,289,190,587,662,1
rip-579.png,244,328,846,723,1
rip-1364.png,233,224,585,689,1
rip-1598.png,326,361,577,595,1
rip-611.png,124,214,609,720,1
rip-1396.png,233,161,488,606,1
rip-1630.png,331,366,537,528,1
rip-643.png,208,345,764,692,1
rip-1433.png,244,270,564,642,1
rip-1662.png,295,159,574,588,1
rip-675.png,333,183,717,588,1
rip-1465.png,260,128,608,571,1
rip-707.png,566,372,895,877,1
rip-1726.png,454,492,764,867,1
rip-744.png,294,184,668,726,1
rip-1758.png,305,90,710,814,1
rip-778.png,205,318,440,568,1
rip-23.png,247,151,641,752,1
rip-811.png,289,220,416,407,1
rip-55.png,180,278,605,693,1
rip-843.png,116,245,649,668,1
rip-90.png,182,350,430,573,1
rip-875.png,242,154,395,415,1
rip-123.png,271,191,685,690,1
rip-907.png,388,169,669,552,1
rip-155.png,268,171,662,652,1
rip-939.png,366,251,660,674,1
rip-187.png,195,134,526,588,1
rip-971.png,174,170,618,652,1
rip-219.png,304,134,606,569,1
rip-1003.png,132,251,370,593,1
rip-251.png,400,163,612,573,1
rip-1035.png,187,85,680,725,1
rip-283.png,240,82,557,536,1
rip-1067.png,253,130,499,538,1
rip-315.png,156,83,484,527,1
rip-1099.png,301,76,546,495,1
rip-347.png,286,247,458,597,1
rip-1135.png,305,220,499,720,1
rip-381.png,144,130,431,571,1
rip-1172.png,171,78,569,604,1
rip-413.png,204,135,488,541,1
rip-1204.png,324,18,600,454,1
rip-451.png,256,148,627,657,1
rip-1236.png,269,90,556,539,1
rip-483.png,274,48,578,576,1
rip-1268.png,265,167,569,608,1
rip-1502.png,235,234,576,668,1
rip-515.png,201,141,533,558,1
rip-1300.png,232,136,554,634,1
rip-1534.png,335,181,546,533,1
rip-547.png,292,90,686,747,1
rip-1332.png,264,59,521,511,1
rip-1569.png,413,82,801,566,1
rip-582.png,200,159,476,635,1
rip-1367.png,295,222,585,595,1
rip-1601.png,328,95,492,547,1
rip-614.png,306,207,851,884,1
rip-1399.png,246,179,624,706,1
rip-1633.png,265,143,578,638,1
rip-646.png,573,171,786,859,1
rip-1436.png,240,174,559,568,1
rip-1665.png,294,292,583,559,1
rip-678.png,379,192,786,610,1
rip-1468.png,265,247,597,598,1
rip-1697.png,663,394,889,863,1
rip-710.png,488,266,797,737,1
rip-1729.png,252,179,659,701,1
rip-747.png,248,105,685,736,1
rip-1761.png,206,212,638,684,1
rip-781.png,244,295,747,945,1
rip-26.png,152,56,516,517,1
rip-814.png,238,174,542,631,1
rip-58.png,121,38,263,247,1
rip-846.png,238,161,629,592,1
rip-94.png,219,158,596,700,1
rip-126.png,256,75,529,526,1
rip-910.png,250,220,645,720,1
rip-158.png,289,325,576,683,1
rip-190.png,310,156,801,915,1
rip-974.png,60,230,440,518,1
rip-222.png,210,80,542,539,1
rip-1006.png,272,293,696,689,1
rip-254.png,214,43,387,520,1
rip-1038.png,105,125,711,781,1
rip-286.png,203,59,494,574,1
rip-1070.png,283,143,692,845,1
rip-318.png,203,103,487,588,1
rip-1102.png,290,194,588,556,1
rip-350.png,229,91,567,726,1
rip-1138.png,73,37,404,236,1
rip-384.png,144,37,407,554,1
rip-1175.png,208,138,536,532,1
rip-416.png,187,127,544,553,1
rip-1207.png,281,30,646,617,1
rip-454.png,209,179,524,645,1
rip-1239.png,323,181,515,607,1
rip-486.png,165,190,628,663,1
rip-1271.png,268,325,585,683,1
rip-1505.png,260,394,515,610,1
rip-518.png,264,128,682,656,1
rip-1303.png,203,275,564,724,1
rip-1537.png,183,113,528,579,1
rip-550.png,247,256,836,860,1
rip-1335.png,153,148,483,553,1
rip-1338.png,198,132,505,606,1
rip-585.png,363,202,714,822,1
rip-1370.png,267,144,534,586,1
rip-1604.png,285,123,604,666,1
rip-617.png,362,345,812,837,1
rip-1402.png,304,58,587,586,1
rip-1636.png,228,253,615,618,1
rip-649.png,352,169,703,851,1
rip-1668.png,195,140,716,607,1
rip-681.png,443,100,723,690,1
rip-1471.png,326,155,584,489,1
rip-713.png,223,201,520,576,1
rip-1732.png,312,234,646,518,1
rip-750.png,341,105,601,742,1
rip-1764.png,368,406,539,653,1
rip-784.png,181,387,682,1068,1
rip-29.png,354,160,711,651,1
rip-817.png,252,142,587,769,1
rip-61.png,165,91,315,377,1
rip-849.png,210,253,536,537,1
rip-97.png,34,179,748,625,1
rip-881.png,243,241,559,576,1
rip-129.png,132,126,415,582,1
rip-913.png,253,377,514,728,1
rip-161.png,215,134,489,524,1
rip-193.png,184,59,481,405,1
rip-977.png,119,161,497,532,1
rip-225.png,183,65,515,509,1
rip-1009.png,193,141,610,634,1
rip-257.png,111,115,450,487,1
rip-1041.png,155,165,615,693,1
rip-289.png,262,112,631,658,1
rip-1073.png,306,105,826,440,1
rip-321.png,221,102,621,632,1
rip-1105.png,252,211,571,610,1
rip-353.png,157,233,508,585,1
rip-1146.png,86,144,600,518,1
rip-387.png,121,116,538,633,1
rip-1178.png,236,138,499,607,1
rip-419.png,96,230,590,584,1
rip-1210.png,295,109,652,519,1
rip-457.png,238,165,738,727,1
rip-1242.png,300,126,563,461,1
rip-489.png,149,101,602,602,1
rip-1274.png,322,364,587,686,1
rip-1508.png,162,249,522,602,1
rip-521.png,308,440,689,893,1
rip-1306.png,222,125,556,726,1
rip-1540.png,227,297,553,643,1
rip-553.png,59,329,734,747,1
rip-1341.png,288,182,577,583,1
rip-1575.png,312,252,580,656,1
rip-588.png,162,116,583,437,1
rip-1373.png,244,215,469,513,1
rip-1607.png,350,291,635,571,1
rip-620.png,385,353,879,768,1
rip-1405.png,236,236,568,593,1
rip-1639.png,279,273,581,584,1
rip-652.png,336,67,684,740,1
rip-1442.png,247,260,628,570,1
rip-1671.png,203,243,563,645,1
rip-684.png,348,278,736,926,1
rip-1474.png,287,198,602,720,1
rip-1703.png,121,363,585,573,1
rip-718.png,266,98,689,704,1
rip-1735.png,298,196,646,629,1
rip-753.png,234,209,600,788,1
rip-1767.png,590,198,890,767,1
rip-787.png,122,357,674,743,1
rip-32.png,151,160,537,800,1
rip-820.png,266,123,479,484,1
rip-64.png,192,226,407,527,1
rip-852.png,356,178,677,587,1
rip-100.png,240,192,597,729,1
rip-884.png,131,175,533,577,1
rip-132.png,250,162,541,592,1
rip-916.png,196,355,735,804,1
rip-164.png,324,225,668,744,1
rip-196.png,109,104,375,477,1
rip-980.png,184,154,528,493,1
rip-228.png,136,185,364,502,1
rip-1012.png,186,192,662,574,1
rip-260.png,166,135,539,689,1
rip-292.png,207,174,503,586,1
rip-1076.png,346,277,903,679,1
rip-324.png,158,155,634,631,1
rip-356.png,303,235,629,742,1
rip-1149.png,209,177,580,626,1
rip-390.png,108,155,452,627,1
rip-1181.png,278,131,587,741,1
rip-424.png,117,118,457,610,1
rip-1213.png,277,51,567,577,1
rip-460.png,273,52,552,529,1
rip-1245.png,370,232,634,550,1
rip-492.png,160,127,512,476,1
rip-1277.png,279,329,604,631,1
rip-1511.png,287,146,578,628,1
rip-524.png,173,146,729,764,1
rip-1309.png,272,211,608,647,1
rip-1543.png,252,166,509,554,1
rip-556.png,141,201,692,689,1
rip-1344.png,210,68,564,614,1
rip-1578.png,261,157,578,629,1
rip-591.png,322,225,761,718,1
rip-1376.png,213,318,456,566,1
rip-1610.png,219,161,645,662,1
rip-623.png,366,302,840,805,1
rip-1408.png,280,213,504,536,1
rip-1642.png,253,303,571,648,1
rip-655.png,281,160,796,771,1
rip-1445.png,246,215,528,590,1
rip-1674.png,206,290,619,672,1
rip-687.png,265,168,682,788,1
rip-1478.png,198,104,638,655,1
rip-724.png,333,107,744,718,1
rip-1738.png,243,152,560,519,1
rip-756.png,357,218,844,840,1
rip-791.png,111,229,504,621,1
rip-35.png,309,97,678,720,1
rip-823.png,194,181,670,622,1
rip-67.png,127,171,422,433,1
rip-855.png,280,116,529,501,1
rip-103.png,292,232,791,796,1
rip-887.png,257,126,619,652,1
rip-135.png,297,286,709,761,1
rip-919.png,319,286,549,664,1
rip-167.png,125,145,465,490,1
rip-951.png,336,351,773,719,1
rip-199.png,167,161,484,542,1
rip-983.png,221,227,528,556,1
rip-231.png,226,99,569,520,1
rip-263.png,161,143,428,554,1
rip-295.png,175,155,532,513,1
rip-327.png,162,94,479,519,1
rip-1111.png,249,185,651,615,1
rip-359.png,282,73,540,504,1
rip-1152.png,207,224,584,696,1
rip-393.png,229,348,652,734,1
rip-1184.png,222,56,604,556,1
rip-427.png,249,162,570,666,1
rip-1216.png,195,109,687,602,1
rip-463.png,187,102,622,764,1
rip-1248.png,205,107,672,552,1
rip-495.png,128,203,569,706,1
rip-1280.png,257,201,464,508,1
rip-1514.png,256,217,564,658,1
rip-527.png,180,116,755,703,1
rip-1312.png,158,156,579,633,1
rip-1546.png,178,180,499,547,1
rip-559.png,306,129,832,872,1
rip-1347.png,182,78,629,628,1
rip-594.png,395,250,843,799,1
rip-1379.png,221,393,530,571,1
rip-1613.png,253,249,581,604,1
rip-626.png,213,179,598,623,1
rip-1411.png,239,255,580,619,1
rip-1645.png,247,216,571,595,1
rip-658.png,215,64,615,607,1
rip-1448.png,292,201,515,577,1
rip-1677.png,291,202,591,656,1
rip-690.png,273,112,700,671,1
rip-1481.png,227,71,614,635,1
rip-1709.png,463,173,778,571,1
rip-727.png,280,151,654,664,1
rip-1741.png,340,97,646,576,1
rip-759.png,372,176,694,633,1
rip-2.png,37,71,160,195,1
rip-794.png,287,166,749,817,1
rip-38.png,313,87,564,419,1
rip-73.png,174,278,493,784,1
rip-858.png,274,64,564,471,1
rip-106.png,290,130,533,518,1
rip-890.png,247,242,607,655,1
rip-138.png,110,284,472,656,1
rip-922.png,210,110,649,683,1
rip-170.png,125,141,519,523,1
rip-202.png,254,130,516,476,1
rip-234.png,212,142,456,573,1
rip-1018.png,115,149,566,606,1
rip-266.png,251,214,481,551,1
rip-298.png,223,159,607,630,1
rip-1082.png,402,273,636,478,1
rip-330.png,264,138,549,501,1
rip-1114.png,136,113,604,573,1
rip-362.png,277,234,734,778,1
rip-1155.png,326,299,619,595,1
rip-396.png,54,321,500,585,1
rip-1187.png,269,249,663,779,1
rip-430.png,176,199,654,625,1
rip-1219.png,308,158,536,559,1
rip-466.png,128,164,622,611,1
rip-1251.png,285,150,498,525,1
rip-1484.png,369,258,583,573,1
rip-498.png,283,384,644,649,1
rip-1283.png,244,286,498,566,1
rip-1517.png,245,315,581,653,1
rip-530.png,328,287,665,734,1
rip-1315.png,247,288,502,604,1
rip-1549.png,192,195,587,626,1
rip-562.png,216,69,726,687,1
rip-1350.png,234,218,652,706,1
rip-1584.png,254,194,684,602,1
rip-597.png,468,202,1074,859,1
rip-1382.png,248,209,536,566,1
rip-1616.png,288,294,536,581,1
rip-629.png,422,233,828,721,1
rip-1414.png,273,258,581,639,1
rip-1648.png,300,240,610,610,1
rip-661.png,374,170,658,835,1
rip-1451.png,254,234,612,666,1
rip-693.png,312,168,605,596,1
rip-730.png,252,189,712,824,1
rip-762.png,248,204,655,706,1
rip-5.png,134,196,467,545,1
rip-41.png,173,150,460,378,1
rip-829.png,127,196,666,566,1
rip-76.png,74,147,388,480,1
rip-861.png,292,132,633,507,1
rip-109.png,325,152,711,706,1
rip-893.png,298,282,445,479,1
rip-141.png,215,133,597,614,1
rip-925.png,183,257,460,625,1
rip-173.png,122,116,389,416,1
rip-205.png,468,239,738,777,1
rip-989.png,40,155,608,632,1
rip-237.png,154,160,514,593,1
rip-1021.png,224,204,615,680,1
rip-269.png,243,211,723,791,1
rip-1053.png,235,259,466,619,1
rip-301.png,319,251,586,639,1
rip-1085.png,328,464,814,744,1
rip-333.png,250,149,556,633,1
rip-1117.png,154,194,570,571,1
rip-367.png,185,207,662,735,1
rip-1158.png,247,257,570,617,1
rip-399.png,217,199,616,556,1
rip-1190.png,244,128,569,673,1
rip-433.png,222,249,609,631,1
rip-1222.png,176,203,449,505,1
rip-469.png,184,228,609,699,1
rip-1487.png,233,170,536,656,1
rip-501.png,221,187,674,652,1
rip-1286.png,233,310,559,662,1
rip-1520.png,164,242,625,649,1
rip-533.png,357,233,749,840,1
rip-1318.png,251,304,567,660,1
rip-1552.png,193,244,534,635,1
rip-565.png,338,109,682,773,1
rip-1353.png,301,146,569,639,1
rip-1587.png,299,128,532,596,1
rip-600.png,198,316,603,685,1
rip-1385.png,146,325,519,526,1
rip-1619.png,292,179,581,576,1
rip-632.png,330,186,804,886,1
rip-1417.png,264,192,528,517,1
rip-1651.png,226,292,513,601,1
rip-664.png,457,142,696,517,1
rip-1454.png,227,311,537,643,1
rip-1683.png,349,220,660,594,1
rip-696.png,502,217,984,945,1
rip-733.png,272,149,709,699,1
rip-1747.png,240,168,567,509,1
rip-765.png,223,400,692,858,1
rip-8.png,227,258,682,668,1
rip-800.png,150,199,569,791,1
rip-44.png,193,143,339,413,1
rip-832.png,203,133,502,547,1
rip-79.png,252,146,688,582,1
rip-112.png,255,81,659,658,1
rip-144.png,149,72,632,656,1
rip-928.png,341,271,914,846,1
rip-176.png,265,227,566,566,1
rip-960.png,504,236,741,544,1
rip-208.png,252,111,573,586,1
rip-992.png,300,318,752,771,1
rip-240.png,132,202,355,488,1
rip-1024.png,216,221,526,719,1
rip-272.png,212,170,581,632,1
rip-1056.png,222,258,435,606,1
rip-304.png,197,89,576,630,1
rip-1088.png,86,184,549,662,1
rip-336.png,170,88,610,735,1
rip-1124.png,294,309,598,546,1
rip-370.png,147,312,641,708,1
rip-1161.png,133,234,549,614,1
rip-402.png,316,291,718,712,1
rip-1193.png,292,52,687,557,1
rip-436.png,203,89,602,627,1
rip-1225.png,115,57,591,570,1
rip-472.png,135,218,611,699,1
rip-1257.png,222,121,601,529,1
rip-1490.png,267,255,624,689,1
rip-504.png,259,99,571,651,1
rip-1523.png,243,213,595,520,1
rip-536.png,435,239,791,798,1
rip-1321.png,268,282,629,635,1
rip-1555.png,225,245,639,604,1
rip-568.png,378,159,639,686,1
rip-1356.png,305,164,552,634,1
rip-1590.png,293,210,645,710,1
rip-603.png,323,140,615,662,1
rip-1388.png,132,148,458,614,1
rip-1622.png,317,190,580,665,1
rip-635.png,506,112,830,739,1
rip-1420.png,306,121,582,610,1
rip-1654.png,299,192,559,553,1
rip-667.png,362,137,799,757,1
rip-1457.png,246,242,601,614,1
rip-1686.png,274,394,666,873,1
rip-699.png,382,347,1047,678,1
rip-1718.png,215,332,515,790,1
rip-736.png,302,137,696,856,1
rip-768.png,354,101,668,872,1
rip-11.png,101,45,355,426,1
rip-803.png,238,275,712,734,1
rip-47.png,183,72,439,451,1
rip-835.png,155,184,672,696,1
rip-82.png,141,169,551,611,1
rip-867.png,113,229,653,625,1
rip-115.png,175,63,508,570,1
rip-899.png,199,316,407,595,1
rip-147.png,183,52,533,563,1
rip-931.png,649,388,781,556,1
rip-179.png,124,76,439,508,1
rip-963.png,369,546,518,645,1
rip-211.png,267,143,668,681,1
rip-995.png,258,200,687,791,1
rip-243.png,213,170,632,765,1
rip-275.png,172,51,451,441,1
rip-1059.png,276,384,465,625,1
rip-307.png,90,198,715,699,1
rip-1091.png,243,291,518,504,1
rip-339.png,216,106,525,565,1
rip-1127.png,137,150,482,487,1
rip-373.png,319,237,543,613,1
rip-1164.png,85,172,528,564,1
rip-405.png,116,51,443,410,1
rip-1196.png,226,27,546,673,1
rip-439.png,177,108,474,474,1
rip-1228.png,122,154,617,583,1
rip-475.png,206,293,730,687,1
rip-1260.png,284,127,632,608,1
rip-1493.png,266,181,570,569,1
rip-507.png,287,104,690,747,1
rip-1292.png,296,179,617,626,1
rip-1526.png,333,250,554,547,1
rip-539.png,249,112,723,659,1
rip-1324.png,291,265,571,653,1
rip-1558.png,267,175,632,683,1
rip-571.png,347,224,742,783,1
rip-1359.png,215,199,603,653,1
rip-1593.png,297,339,544,598,1
rip-606.png,214,151,788,676,1
rip-1391.png,200,175,524,548,1
rip-1625.png,348,279,649,559,1
rip-638.png,362,291,794,835,1
rip-1428.png,298,202,571,571,1
rip-1657.png,199,295,578,653,1
rip-670.png,301,237,804,796,1
rip-1460.png,293,192,587,678,1
rip-1689.png,393,452,606,677,1
rip-702.png,245,233,571,788,1
rip-739.png,248,40,502,530,1
rip-1753.png,289,121,559,634,1
rip-773.png,221,94,574,654,1
rip-18.png,155,50,399,464,1
rip-806.png,215,127,497,544,1
rip-50.png,222,120,661,732,1
rip-838.png,222,169,505,530,1
rip-85.png,124,168,772,728,1
rip-870.png,326,258,713,673,1
rip-118.png,281,116,614,561,1
rip-902.png,244,348,440,595,1
rip-150.png,239,119,511,624,1
rip-182.png,382,156,822,876,1
rip-966.png,184,372,413,580,1
rip-214.png,209,85,601,648,1
rip-998.png,142,84,550,586,1
rip-246.png,98,105,534,536,1
rip-1030.png,151,100,711,668,1
rip-278.png,163,191,556,631,1
rip-1062.png,366,152,754,594,1
rip-310.png,106,91,491,529,1
rip-1094.png,244,62,636,566,1
rip-342.png,247,165,618,734,1
rip-1130.png,229,75,544,573,1
rip-376.png,206,165,670,791,1
rip-408.png,140,121,461,494,1
rip-1199.png,249,67,610,656,1
rip-446.png,206,123,680,718,1
rip-1231.png,308,131,535,625,1
rip-478.png,232,179,511,560,1
rip-1263.png,305,56,600,519,1
rip-1496.png,254,135,619,592,1
rip-510.png,293,129,668,734,1
rip-1295.png,298,240,604,599,1
rip-1529.png,239,257,628,591,1
rip-542.png,303,175,773,790,1
rip-1327.png,295,217,596,598,1
rip-1561.png,353,245,615,587,1
rip-574.png,398,160,800,685,1
rip-577.png,369,369,779,740,1
rip-1362.png,258,228,571,662,1
rip-1596.png,231,283,540,665,1
rip-609.png,254,190,601,631,1
rip-1394.png,102,316,393,534,1
rip-1628.png,278,279,493,520,1
rip-641.png,227,274,864,699,1
rip-1431.png,225,180,584,581,1
rip-1660.png,299,300,542,536,1
rip-673.png,325,213,785,808,1
rip-1463.png,264,218,511,534,1
rip-705.png,232,38,652,737,1
rip-1724.png,580,179,872,762,1
rip-742.png,244,114,647,700,1
rip-1756.png,145,125,635,825,1
rip-776.png,141,287,584,974,1
rip-21.png,172,140,718,682,1
rip-809.png,241,28,496,514,1
rip-53.png,97,54,316,354,1
rip-841.png,331,41,693,492,1
rip-88.png,290,126,918,927,1
rip-873.png,87,31,258,321,1
rip-121.png,182,111,620,650,1
rip-905.png,515,424,729,736,1
rip-153.png,99,64,531,534,1
rip-937.png,532,512,765,692,1
rip-185.png,232,206,914,1039,1
rip-969.png,196,354,343,502,1
rip-217.png,193,88,559,612,1
rip-1001.png,132,150,498,496,1
rip-249.png,263,242,708,681,1
rip-1033.png,263,231,700,554,1
rip-281.png,31,81,412,424,1
rip-1065.png,112,247,432,573,1
rip-313.png,220,114,611,672,1
rip-1097.png,144,203,459,503,1
rip-345.png,240,166,565,656,1
rip-1133.png,198,175,517,520,1
rip-379.png,164,117,532,558,1
rip-1170.png,81,116,543,552,1
rip-411.png,164,223,703,649,1
rip-1202.png,296,46,593,646,1
rip-449.png,185,101,615,639,1
rip-1234.png,313,82,655,567,1
rip-481.png,402,255,672,690,1
rip-1266.png,300,51,621,523,1
rip-1499.png,246,96,676,615,1
rip-513.png,132,112,593,571,1
rip-1298.png,122,133,580,622,1
rip-1532.png,289,235,625,669,1
rip-545.png,258,105,746,794,1
rip-1330.png,100,152,604,591,1
rip-1564.png,202,126,575,629,1
rip-1567.png,262,66,677,607,1
rip-580.png,147,139,526,633,1
rip-1365.png,236,260,569,684,1
rip-1599.png,294,237,554,560,1
rip-612.png,245,90,711,721,1
rip-1397.png,283,115,573,548,1
rip-1631.png,286,240,587,615,1
rip-644.png,315,30,775,692,1
rip-1434.png,210,166,565,541,1
rip-1663.png,268,120,602,565,1
rip-676.png,626,679,228,268,1
rip-1466.png,275,158,532,597,1
rip-708.png,349,402,700,818,1
rip-1727.png,565,244,866,877,1
rip-745.png,290,40,636,564,1
rip-1759.png,88,74,393,622,1
rip-779.png,240,340,543,891,1
rip-24.png,124,123,603,623,1
rip-812.png,194,215,479,467,1
rip-56.png,112,52,324,292,1
rip-844.png,121,153,632,615,1
rip-91.png,314,240,631,653,1
rip-876.png,262,213,677,615,1
rip-124.png,303,168,652,632,1
rip-908.png,329,300,545,667,1
rip-156.png,145,113,450,568,1
rip-188.png,519,243,948,1039,1
rip-220.png,263,130,531,476,1
rip-1004.png,130,132,577,635,1
rip-252.png,290,137,621,653,1
rip-284.png,163,125,406,458,1
rip-1068.png,190,173,541,648,1
rip-316.png,124,97,499,624,1
rip-1100.png,263,100,601,553,1
rip-348.png,250,197,493,544,1
rip-1136.png,287,90,477,542,1
rip-382.png,150,186,677,680,1
rip-1173.png,275,211,819,713,1
rip-414.png,96,126,406,449,1
rip-1205.png,352,27,648,563,1
rip-452.png,233,184,670,645,1
rip-1237.png,275,59,626,607,1
rip-484.png,237,92,621,570,1
rip-1269.png,256,302,597,747,1
rip-1503.png,338,136,645,502,1
rip-516.png,234,127,727,684,1
rip-1301.png,243,146,592,618,1
rip-1535.png,295,162,618,567,1
rip-548.png,240,145,717,718,1
rip-1333.png,145,149,575,526,1
rip-1570.png,156,47,604,501,1
rip-583.png,214,151,778,757,1
rip-1602.png,312,155,646,717,1
rip-615.png,291,123,765,708,1
rip-1400.png,207,161,524,533,1
rip-1634.png,232,157,574,612,1
rip-647.png,357,48,700,829,1
rip-1437.png,241,128,537,649,1
rip-1666.png,258,119,585,648,1
rip-679.png,277,237,641,666,1
rip-1469.png,298,263,536,645,1
rip-711.png,298,157,666,676,1
rip-1730.png,335,284,556,646,1
rip-748.png,324,78,779,849,1
rip-1762.png,215,69,696,756,1
rip-782.png,186,301,720,1071,1
rip-27.png,189,30,384,436,1
rip-815.png,268,143,598,583,1
rip-59.png,283,144,593,682,1
rip-847.png,117,326,632,638,1
rip-95.png,193,74,452,506,1
rip-879.png,338,91,533,417,1
rip-127.png,301,53,575,600,1
rip-911.png,49,138,518,684,1
rip-159.png,258,184,526,633,1
rip-943.png,93,462,817,894,1
rip-191.png,297,86,693,707,1
rip-975.png,139,169,489,453,1
rip-223.png,99,57,374,359,1
rip-1007.png,157,195,598,677,1
rip-255.png,206,62,631,549,1
rip-1039.png,253,130,623,569,1
rip-287.png,163,185,476,564,1
rip-1071.png,157,124,533,674,1
rip-319.png,156,103,540,524,1
rip-1103.png,284,115,639,602,1
rip-351.png,240,104,531,522,1
rip-1144.png,119,175,655,656,1
rip-385.png,148,43,513,625,1
rip-1176.png,96,134,517,542,1
rip-417.png,148,74,558,578,1
rip-1208.png,316,52,559,533,1
rip-455.png,131,98,591,654,1
rip-1240.png,233,46,629,626,1
rip-487.png,165,162,558,490,1
rip-1272.png,287,255,569,711,1
rip-1506.png,616,390,858,659,1
rip-519.png,403,86,844,693,1
rip-1304.png,234,178,552,660,1
rip-1538.png,230,86,625,690,1
rip-551.png,131,221,476,570,1
rip-1336.png,197,112,570,582,1
rip-1339.png,246,161,579,486,1
rip-1573.png,377,227,610,566,1
rip-586.png,266,146,780,851,1
rip-1371.png,281,195,532,544,1
rip-1605.png,364,194,561,569,1
rip-618.png,195,186,686,773,1
rip-1403.png,251,216,467,495,1
rip-650.png,232,116,709,714,1
rip-1440.png,268,235,558,559,1
rip-1669.png,340,193,587,516,1
rip-682.png,269,298,650,850,1
rip-1472.png,372,206,635,552,1
rip-714.png,366,237,666,616,1
rip-1733.png,284,202,585,596,1
rip-751.png,340,249,715,711,1
rip-1765.png,290,289,702,703,1
rip-785.png,114,347,388,855,1
rip-30.png,373,263,698,945,1
rip-818.png,124,192,591,550,1
rip-62.png,96,107,307,364,1
rip-850.png,191,222,496,421,1
rip-98.png,240,165,470,501,1
rip-130.png,201,120,591,618,1
rip-914.png,191,475,468,763,1
rip-162.png,125,50,452,580,1
rip-946.png,66,442,715,702,1
rip-194.png,187,126,451,439,1
rip-978.png,79,132,479,527,1
rip-226.png,135,88,619,671,1
rip-258.png,415,136,905,864,1
rip-1042.png,230,135,575,648,1
rip-290.png,179,43,458,631,1
rip-322.png,232,115,646,693,1
rip-354.png,290,177,705,682,1
rip-1147.png,182,120,668,767,1
rip-388.png,17,87,355,516,1
rip-1179.png,212,135,553,643,1
rip-422.png,180,188,564,604,1
rip-1211.png,287,81,658,621,1
rip-458.png,214,145,696,721,1
rip-1243.png,346,208,642,511,1
rip-490.png,300,134,567,670,1
rip-1275.png,240,345,636,641,1
rip-1509.png,278,239,570,634,1
rip-522.png,334,65,709,862,1
rip-1307.png,256,133,537,649,1
rip-1541.png,285,394,590,683,1
rip-554.png,282,59,713,742,1
rip-1342.png,179,35,540,635,1
rip-1576.png,213,81,496,553,1
rip-589.png,294,131,591,570,1
rip-1374.png,162,47,522,630,1
rip-621.png,384,68,829,773,1
rip-1406.png,231,178,553,625,1
rip-1640.png,228,281,576,577,1
rip-653.png,352,47,680,685,1
rip-1443.png,373,318,561,577,1
rip-1672.png,385,210,561,542,1
rip-685.png,499,144,749,843,1
rip-1475.png,414,232,617,542,1
rip-722.png,370,228,665,640,1
rip-1736.png,268,142,540,600,1
rip-754.png,298,236,635,713,1
rip-1768.png,266,320,637,683,1
rip-788.png,298,135,679,561,1
rip-33.png,584,185,968,894,1
rip-821.png,234,284,512,575,1
rip-65.png,84,163,653,678,1
rip-853.png,233,137,604,649,1
rip-101.png,312,187,756,874,1
rip-885.png,205,217,580,597,1
rip-133.png,278,109,670,672,1
rip-917.png,155,334,655,873,1
rip-165.png,164,103,439,440,1
rip-949.png,197,252,756,742,1
rip-197.png,160,106,541,505,1
rip-981.png,191,159,611,520,1
rip-229.png,134,156,532,539,1
rip-1013.png,110,53,631,564,1
rip-261.png,242,260,446,613,1
rip-1045.png,266,327,699,693,1
rip-293.png,147,164,654,634,1
rip-1077.png,199,177,1007,627,1
rip-325.png,173,114,568,588,1
rip-1109.png,174,213,597,676,1
rip-357.png,304,199,679,822,1
rip-1150.png,222,192,518,635,1
rip-391.png,212,227,717,799,1
rip-1182.png,244,167,693,692,1
rip-425.png,211,48,564,745,1
rip-1214.png,294,60,747,537,1
rip-461.png,179,89,489,491,1
rip-493.png,152,58,475,324,1
rip-1278.png,301,265,765,621,1
rip-1512.png,276,65,617,651,1
rip-525.png,229,301,631,794,1
rip-1310.png,218,221,638,651,1
rip-1544.png,317,97,607,614,1
rip-557.png,342,123,677,675,1
rip-1345.png,272,69,591,579,1
rip-1579.png,173,196,569,575,1
rip-592.png,412,182,881,806,1
rip-1377.png,264,198,511,595,1
rip-1611.png,272,177,590,639,1
rip-624.png,317,213,830,676,1
rip-1409.png,231,166,590,610,1
rip-656.png,125,301,703,660,1
rip-1446.png,248,210,597,634,1
rip-1675.png,257,185,611,591,1
rip-688.png,531,380,824,849,1
rip-1479.png,195,146,567,594,1
rip-725.png,300,167,728,737,1
rip-1739.png,229,208,641,738,1
rip-757.png,298,130,815,755,1
rip-792.png,326,114,656,607,1
rip-36.png,318,162,567,750,1
rip-824.png,331,56,545,555,1
rip-104.png,335,83,743,717,1
rip-888.png,221,284,748,737,1
rip-136.png,411,161,839,822,1
rip-920.png,176,280,578,848,1
rip-168.png,159,160,454,559,1
rip-952.png,247,170,601,691,1
rip-200.png,246,68,614,667,1
rip-984.png,158,177,669,724,1
rip-232.png,236,180,524,576,1
rip-264.png,78,48,427,430,1
rip-1048.png,273,109,825,646,1
rip-296.png,186,42,459,406,1
rip-328.png,86,77,461,495,1
rip-1112.png,104,73,598,666,1
rip-360.png,138,71,416,453,1
rip-1153.png,159,133,649,638,1
rip-394.png,114,132,538,578,1
rip-1185.png,278,80,598,554,1
rip-428.png,140,106,648,661,1
rip-1217.png,237,46,561,512,1
rip-464.png,252,147,664,747,1
rip-1249.png,189,173,535,656,1
rip-496.png,177,196,833,783,1
rip-1281.png,114,97,484,485,1
rip-1515.png,268,86,559,699,1
rip-528.png,148,115,427,517,1
rip-1313.png,300,91,561,685,1
rip-1547.png,269,199,475,531,1
rip-560.png,146,146,483,669,1
rip-1348.png,346,175,573,638,1
rip-595.png,438,179,874,817,1
rip-1380.png,272,186,517,512,1
rip-1614.png,278,241,615,573,1
rip-627.png,382,371,703,712,1
rip-1412.png,263,245,593,602,1
rip-1646.png,349,240,559,553,1
rip-659.png,384,343,954,861,1
rip-1449.png,253,230,495,605,1
rip-1678.png,307,238,721,624,1
rip-691.png,199,217,618,670,1
rip-1482.png,326,294,556,590,1
rip-1710.png,197,428,794,853,1
rip-728.png,257,179,674,682,1
rip-1742.png,200,185,672,643,1
rip-760.png,221,100,681,636,1
rip-3.png,214,89,602,607,1
rip-795.png,226,104,903,894,1
rip-39.png,280,91,505,536,1
rip-74.png,358,118,825,763,1
rip-859.png,218,250,755,701,1
rip-107.png,244,15,693,713,1
rip-891.png,246,228,775,823,1
rip-139.png,192,234,655,694,1
rip-923.png,212,282,621,715,1
rip-171.png,144,184,703,852,1
rip-955.png,147,201,603,716,1
rip-203.png,155,103,474,548,1
rip-235.png,166,87,432,481,1
rip-1019.png,132,69,689,763,1
rip-267.png,147,178,542,569,1
rip-1051.png,509,168,912,541,1
rip-299.png,185,108,684,716,1
rip-1083.png,320,197,638,617,1
rip-331.png,66,103,442,542,1
rip-1115.png,286,47,656,635,1
rip-363.png,189,247,598,669,1
rip-1156.png,77,102,560,622,1
rip-397.png,196,46,496,484,1
rip-1188.png,274,104,579,537,1
rip-431.png,214,230,634,752,1
rip-1220.png,287,111,689,614,1
rip-467.png,99,183,570,620,1
rip-1252.png,288,112,713,602,1
rip-1485.png,105,184,505,629,1
rip-499.png,147,183,625,744,1
rip-1284.png,225,132,492,487,1
rip-1518.png,263,282,553,615,1
rip-531.png,477,173,863,878,1
rip-1316.png,144,113,547,614,1
rip-1550.png,243,162,491,537,1
rip-563.png,248,172,625,722,1
rip-1351.png,265,185,640,672,1
rip-1585.png,297,119,605,515,1
rip-598.png,315,93,711,540,1
rip-1383.png,229,98,565,534,1
rip-1617.png,335,175,623,669,1
rip-630.png,258,251,737,804,1
rip-1415.png,248,214,594,663,1
rip-1649.png,304,254,571,686,1
rip-662.png,331,275,835,684,1
rip-1452.png,217,323,594,663,1
rip-1681.png,321,341,605,557,1
rip-694.png,322,133,581,631,1
rip-1713.png,293,255,676,410,1
rip-731.png,358,105,741,776,1
rip-1745.png,275,213,621,636,1
rip-763.png,300,245,771,805,1
rip-6.png,150,65,364,371,1
rip-798.png,357,140,719,692,1
rip-42.png,213,133,441,457,1
rip-830.png,158,150,385,435,1
rip-77.png,195,129,574,600,1
rip-862.png,325,131,643,590,1
rip-110.png,180,270,569,606,1
rip-894.png,320,477,478,640,1
rip-142.png,213,96,563,590,1
rip-926.png,422,275,697,638,1
rip-174.png,251,182,435,524,1
rip-958.png,377,340,506,616,1
rip-206.png,210,257,487,536,1
rip-990.png,295,96,623,735,1
rip-238.png,190,58,444,443,1
rip-1022.png,207,178,683,661,1
rip-270.png,135,114,750,693,1
rip-1054.png,200,130,562,614,1
rip-302.png,243,190,540,529,1
rip-1086.png,393,140,944,522,1
rip-334.png,183,94,469,516,1
rip-1122.png,155,48,534,668,1
rip-368.png,231,200,713,653,1
rip-1159.png,183,78,550,616,1
rip-400.png,258,95,631,573,1
rip-1191.png,264,63,570,593,1
rip-434.png,158,84,464,619,1
rip-1223.png,377,103,608,524,1
rip-470.png,171,202,742,600,1
rip-1255.png,285,108,572,612,1
rip-1488.png,110,98,568,599,1
rip-502.png,273,43,621,671,1
rip-1287.png,256,168,456,499,1
rip-1521.png,272,172,577,596,1
rip-534.png,293,232,718,817,1
rip-1319.png,255,274,609,632,1
rip-1553.png,183,297,556,634,1
rip-566.png,227,55,735,689,1
rip-1354.png,98,134,552,540,1
rip-1588.png,237,173,513,652,1
rip-601.png,403,197,961,724,1
rip-1386.png,286,106,587,603,1
rip-1620.png,267,244,534,616,1
rip-633.png,291,171,629,578,1
rip-1418.png,294,263,525,634,1
rip-1652.png,232,44,637,635,1
rip-665.png,533,274,891,676,1
rip-1455.png,224,235,675,640,1
rip-697.png,435,405,640,695,1
rip-1716.png,398,364,695,688,1
rip-734.png,288,162,647,772,1
rip-1748.png,382,105,630,600,1
rip-766.png,269,135,619,714,1
rip-9.png,101,32,288,304,1
rip-801.png,196,126,658,858,1
rip-45.png,225,167,414,413,1
rip-833.png,227,157,479,613,1
rip-80.png,350,426,973,1295,1
rip-865.png,321,198,676,610,1
rip-113.png,343,277,791,718,1
rip-897.png,119,353,259,550,1
rip-145.png,201,42,608,667,1
rip-929.png,594,362,743,658,1
rip-177.png,116,87,505,581,1
rip-961.png,195,365,435,577,1
rip-209.png,191,134,630,627,1
rip-993.png,218,124,792,682,1
rip-241.png,150,142,682,762,1
rip-1025.png,352,283,683,604,1
rip-273.png,169,144,681,801,1
rip-1057.png,182,362,357,559,1
rip-305.png,217,75,571,610,1
rip-337.png,123,114,550,549,1
rip-1125.png,145,175,576,537,1
rip-371.png,240,307,660,693,1
rip-1162.png,199,157,504,505,1
rip-403.png,110,269,568,661,1
rip-1194.png,243,125,634,645,1
rip-437.png,127,160,682,682,1
rip-1226.png,298,146,571,489,1
rip-473.png,266,141,588,690,1
rip-1258.png,412,203,621,509,1
rip-1491.png,339,23,594,600,1
rip-505.png,294,212,831,623,1
rip-1290.png,314,228,629,666,1
rip-1524.png,231,244,608,588,1
rip-537.png,277,204,576,710,1
rip-1322.png,251,192,573,540,1
rip-1556.png,254,195,552,656,1
rip-569.png,327,364,634,706,1
rip-1357.png,221,298,594,566,1
rip-1591.png,237,225,547,693,1
rip-604.png,296,239,586,794,1
rip-1389.png,257,225,505,661,1
rip-1623.png,290,86,583,601,1
rip-636.png,229,185,715,760,1
rip-1424.png,251,193,529,548,1
rip-1655.png,319,227,554,571,1
rip-668.png,408,249,844,794,1
rip-1458.png,283,251,595,639,1
rip-700.png,398,235,693,775,1
rip-737.png,363,113,731,764,1
rip-769.png,311,174,576,539,1
rip-12.png,215,173,536,550,1
rip-804.png,382,252,789,743,1
rip-48.png,172,90,301,339,1
rip-836.png,263,213,499,685,1
rip-83.png,307,123,614,672,1
rip-868.png,336,221,670,578,1
rip-116.png,175,147,358,371,1
rip-900.png,241,430,429,651,1
rip-148.png,232,116,544,623,1
rip-932.png,349,406,638,648,1
rip-180.png,226,252,702,731,1
rip-212.png,245,177,529,622,1
rip-996.png,344,409,713,776,1
rip-244.png,83,51,538,524,1
rip-1028.png,372,332,710,823,1
rip-276.png,303,177,629,604,1
rip-1060.png,279,235,661,651,1
rip-308.png,169,94,645,689,1
rip-1092.png,315,340,864,721,1
rip-340.png,150,72,557,631,1
rip-1128.png,105,146,526,602,1
rip-374.png,204,234,544,619,1
rip-1165.png,223,209,655,539,1
rip-406.png,114,304,581,705,1
rip-1197.png,249,107,626,631,1
rip-440.png,188,170,564,558,1
rip-1229.png,233,139,625,540,1
rip-476.png,112,140,566,587,1
rip-1261.png,379,60,764,677,1
rip-1494.png,252,81,597,659,1
rip-508.png,427,103,982,737,1
rip-1293.png,222,205,687,604,1
rip-1527.png,293,289,612,585,1
rip-540.png,219,151,772,675,1
rip-1325.png,248,180,565,695,1
rip-1559.png,134,205,523,585,1
rip-572.png,348,263,747,689,1
rip-1360.png,214,272,768,597,1
rip-1594.png,169,205,651,660,1
rip-607.png,155,188,572,511,1
rip-1392.png,277,167,529,563,1
rip-1626.png,300,300,639,636,1
rip-639.png,310,158,737,653,1
rip-1429.png,316,44,575,606,1
rip-1658.png,69,215,556,550,1
rip-671.png,143,203,681,737,1
rip-1461.png,275,259,557,549,1
rip-703.png,417,159,796,726,1
rip-1722.png,582,154,752,310,1
rip-740.png,263,250,708,728,1
rip-774.png,260,257,649,746,1
rip-19.png,141,178,429,575,1
rip-807.png,295,242,493,480,1
rip-51.png,180,139,634,748,1
rip-839.png,250,129,608,528,1
rip-86.png,283,227,682,727,1
rip-871.png,347,117,658,651,1
rip-119.png,158,101,475,529,1
rip-903.png,242,210,568,731,1
rip-151.png,160,116,475,486,1
rip-935.png,384,315,694,716,1
rip-183.png,327,250,825,780,1
rip-215.png,294,186,569,588,1
rip-999.png,225,226,656,735,1
rip-247.png,211,105,499,489,1
rip-1031.png,207,168,612,696,1
rip-279.png,80,74,485,470,1
rip-1063.png,231,349,564,669,1
rip-311.png,143,76,538,527,1
rip-1095.png,237,131,658,593,1
rip-343.png,192,140,534,457,1
rip-1131.png,122,131,611,632,1
rip-377.png,119,192,820,767,1
rip-1168.png,123,285,495,649,1
rip-409.png,118,79,462,517,1
rip-1200.png,246,105,591,628,1
rip-447.png,231,92,532,508,1
rip-1232.png,171,84,553,567,1
rip-479.png,180,54,612,575,1
rip-1264.png,251,172,519,451,1
rip-1497.png,318,103,634,693,1
rip-511.png,135,140,530,523,1
rip-1296.png,241,155,703,717,1
rip-1530.png,333,246,597,648,1
rip-543.png,216,155,815,782,1
rip-1328.png,225,85,553,509,1
rip-1562.png,207,278,537,587,1
rip-575.png,298,191,1125,626,1
rip-578.png,387,227,775,648,1
rip-1363.png,216,233,552,621,1
rip-610.png,114,167,591,689,1
rip-642.png,296,172,740,703,1
rip-1432.png,189,150,571,529,1
rip-1661.png,328,288,585,684,1
rip-674.png,308,161,645,561,1
rip-1464.png,289,241,544,632,1
rip-706.png,449,267,727,697,1
rip-1725.png,325,356,653,710,1
rip-743.png,385,243,717,724,1
rip-1757.png,332,207,743,653,1
rip-777.png,178,156,405,511,1
rip-22.png,193,125,776,925,1
rip-810.png,352,154,686,648,1
rip-54.png,187,162,384,445,1
rip-842.png,97,186,670,571,1
rip-89.png,158,171,589,694,1
rip-874.png,229,246,522,617,1
rip-122.png,176,166,445,493,1
rip-906.png,250,231,447,528,1
rip-154.png,236,196,580,613,1
rip-938.png,346,398,508,643,1
rip-186.png,262,155,662,825,1
rip-970.png,303,434,392,562,1
rip-218.png,191,89,490,462,1
rip-1002.png,202,176,685,563,1
rip-250.png,217,127,542,499,1
rip-1034.png,278,234,692,679,1
rip-282.png,214,74,484,513,1
rip-1066.png,140,271,390,632,1
rip-314.png,130,153,488,572,1
rip-1098.png,303,120,562,526,1
rip-346.png,165,206,471,565,1
rip-1134.png,131,204,458,547,1
rip-380.png,249,178,618,543,1
rip-1171.png,312,127,569,561,1
rip-412.png,126,174,640,517,1
rip-450.png,317,218,600,657,1
rip-1235.png,381,80,675,559,1
rip-482.png,276,53,549,484,1
rip-1267.png,407,85,626,506,1
rip-1501.png,71,44,475,437,1
rip-514.png,253,116,707,706,1
rip-1299.png,212,177,612,629,1
rip-1533.png,265,199,681,658,1
rip-546.png,95,210,648,819,1
rip-1331.png,305,249,492,521,1
rip-1565.png,221,313,614,577,1
rip-569.png,327,364,634,706,1
rip-1357.png,221,298,594,566,1
rip-1591.png,237,225,547,693,1
rip-604.png,296,239,586,794,1
rip-1389.png,257,225,505,661,1
rip-1623.png,290,86,583,601,1
rip-636.png,229,185,715,760,1
rip-1424.png,251,193,529,548,1
rip-1655.png,319,227,554,571,1
rip-668.png,408,249,844,794,1
rip-1458.png,283,251,595,639,1
rip-700.png,398,235,693,775,1
rip-737.png,363,113,731,764,1
rip-769.png,311,174,576,539,1
rip-12.png,215,173,536,550,1
rip-804.png,382,252,789,743,1
rip-48.png,172,90,301,339,1
rip-836.png,263,213,499,685,1
rip-83.png,307,123,614,672,1
rip-868.png,336,221,670,578,1
rip-116.png,175,147,358,371,1
rip-900.png,241,430,429,651,1
rip-148.png,232,116,544,623,1
rip-932.png,349,406,638,648,1
rip-180.png,226,252,702,731,1
rip-212.png,245,177,529,622,1
rip-996.png,344,409,713,776,1
rip-244.png,83,51,538,524,1
rip-1028.png,372,332,710,823,1
rip-276.png,303,177,629,604,1
rip-1060.png,279,235,661,651,1
rip-308.png,169,94,645,689,1
rip-1092.png,315,340,864,721,1
rip-340.png,150,72,557,631,1
rip-1128.png,105,146,526,602,1
rip-374.png,204,234,544,619,1
rip-1165.png,223,209,655,539,1
rip-406.png,114,304,581,705,1
rip-1197.png,249,107,626,631,1
rip-440.png,188,170,564,558,1
rip-1229.png,233,139,625,540,1
rip-476.png,112,140,566,587,1
rip-1261.png,379,60,764,677,1
rip-1494.png,252,81,597,659,1
rip-508.png,427,103,982,737,1
rip-1293.png,222,205,687,604,1
rip-1527.png,293,289,612,585,1
rip-540.png,219,151,772,675,1
rip-1325.png,248,180,565,695,1
rip-1559.png,134,205,523,585,1
rip-572.png,348,263,747,689,1
rip-1406.png,231,178,553,625,1
rip-1640.png,228,281,576,577,1
rip-653.png,352,47,680,685,1
rip-1443.png,373,318,561,577,1
rip-1672.png,385,210,561,542,1
rip-685.png,499,144,749,843,1
rip-1475.png,414,232,617,542,1
rip-722.png,370,228,665,640,1
rip-1736.png,268,142,540,600,1
rip-754.png,298,236,635,713,1
rip-1768.png,266,320,637,683,1
rip-788.png,298,135,679,561,1
rip-33.png,584,185,968,894,1
rip-821.png,234,284,512,575,1
rip-65.png,84,163,653,678,1
rip-853.png,233,137,604,649,1
rip-613.png,260,107,712,822,1
rip-1398.png,255,219,548,591,1
rip-1632.png,165,169,573,566,1
rip-645.png,322,93,649,702,1
rip-1435.png,263,110,583,626,1
rip-1664.png,230,207,655,617,1
rip-677.png,497,269,839,751,1
rip-1467.png,311,333,505,695,1
rip-1696.png,496,19,782,453,1
rip-709.png,434,239,707,711,1
rip-1728.png,340,233,739,551,1
rip-746.png,262,95,726,728,1
rip-1760.png,230,143,365,470,1
rip-780.png,246,376,439,796,1
rip-25.png,140,92,601,534,1
rip-813.png,124,40,506,659,1
rip-57.png,143,30,333,358,1
rip-845.png,168,73,622,745,1
rip-93.png,242,57,640,680,1
rip-877.png,154,109,618,536,1
rip-125.png,295,33,619,652,1
rip-909.png,257,213,544,689,1
rip-157.png,39,33,438,512,1
rip-941.png,169,261,478,645,1
rip-189.png,280,78,785,890,1
rip-973.png,130,134,510,574,1
rip-221.png,159,60,538,494,1
rip-1005.png,85,142,636,716,1
rip-253.png,262,55,565,575,1
rip-1037.png,134,134,716,738,1
rip-285.png,247,96,524,579,1
rip-1069.png,307,38,775,780,1
rip-317.png,110,119,648,776,1
rip-1101.png,164,31,615,600,1
rip-349.png,86,140,772,824,1
rip-1137.png,117,61,519,509,1
rip-383.png,97,68,606,611,1
rip-938.png,346,398,508,643,1
rip-186.png,262,155,662,825,1
rip-970.png,303,434,392,562,1
rip-218.png,191,89,490,462,1
rip-1002.png,202,176,685,563,1
rip-250.png,217,127,542,499,1
rip-1034.png,278,234,692,679,1
rip-282.png,214,74,484,513,1
rip-1066.png,140,271,390,632,1
rip-314.png,130,153,488,572,1
rip-1098.png,303,120,562,526,1
rip-346.png,165,206,471,565,1
1,0,0,0,0,0
2,0,0,0,0,0
3,0,0,0,0,0
4,0,0,0,0,0
5,0,0,0,0,0
6,0,0,0,0,0
7,0,0,0,0,0
8,0,0,0,0,0
9,0,0,0,0,0
10,0,0,0,0,0
11,0,0,0,0,0
12,0,0,0,0,0
13,0,0,0,0,0
14,0,0,0,0,0
15,0,0,0,0,0
16,0,0,0,0,0
17,0,0,0,0,0
18,0,0,0,0,0
19,0,0,0,0,0
20,0,0,0,0,0
21,0,0,0,0,0
22,0,0,0,0,0
23,0,0,0,0,0
24,0,0,0,0,0
25,0,0,0,0,0
26,0,0,0,0,0
27,0,0,0,0,0
28,0,0,0,0,0
29,0,0,0,0,0
30,0,0,0,0,0
31,0,0,0,0,0
32,0,0,0,0,0
33,0,0,0,0,0
34,0,0,0,0,0
35,0,0,0,0,0
36,0,0,0,0,0
37,0,0,0,0,0
38,0,0,0,0,0
39,0,0,0,0,0
40,0,0,0,0,0
41,0,0,0,0,0
42,0,0,0,0,0
43,0,0,0,0,0
44,0,0,0,0,0
45,0,0,0,0,0
46,0,0,0,0,0
47,0,0,0,0,0
48,0,0,0,0,0
49,0,0,0,0,0
50,0,0,0,0,0
51,0,0,0,0,0
52,0,0,0,0,0
53,0,0,0,0,0
54,0,0,0,0,0
55,0,0,0,0,0
56,0,0,0,0,0
57,0,0,0,0,0
58,0,0,0,0,0
59,0,0,0,0,0
60,0,0,0,0,0
61,0,0,0,0,0
62,0,0,0,0,0
63,0,0,0,0,0
64,0,0,0,0,0
65,0,0,0,0,0
66,0,0,0,0,0
67,0,0,0,0,0
68,0,0,0,0,0
69,0,0,0,0,0
70,0,0,0,0,0
71,0,0,0,0,0
72,0,0,0,0,0
73,0,0,0,0,0
74,0,0,0,0,0
75,0,0,0,0,0
76,0,0,0,0,0
77,0,0,0,0,0
78,0,0,0,0,0
79,0,0,0,0,0
80,0,0,0,0,0
81,0,0,0,0,0
82,0,0,0,0,0
83,0,0,0,0,0
84,0,0,0,0,0
85,0,0,0,0,0
86,0,0,0,0,0
87,0,0,0,0,0
88,0,0,0,0,0
89,0,0,0,0,0
90,0,0,0,0,0
91,0,0,0,0,0
92,0,0,0,0,0
93,0,0,0,0,0
94,0,0,0,0,0
95,0,0,0,0,0
96,0,0,0,0,0
97,0,0,0,0,0
98,0,0,0,0,0
99,0,0,0,0,0
100,0,0,0,0,0
101,0,0,0,0,0
102,0,0,0,0,0
103,0,0,0,0,0
104,0,0,0,0,0
105,0,0,0,0,0
106,0,0,0,0,0
107,0,0,0,0,0
108,0,0,0,0,0
109,0,0,0,0,0
110,0,0,0,0,0
111,0,0,0,0,0
112,0,0,0,0,0
113,0,0,0,0,0
114,0,0,0,0,0
115,0,0,0,0,0
116,0,0,0,0,0
117,0,0,0,0,0
118,0,0,0,0,0
119,0,0,0,0,0
120,0,0,0,0,0
121,0,0,0,0,0
122,0,0,0,0,0
123,0,0,0,0,0
124,0,0,0,0,0
125,0,0,0,0,0
126,0,0,0,0,0
127,0,0,0,0,0
128,0,0,0,0,0
129,0,0,0,0,0
130,0,0,0,0,0
131,0,0,0,0,0
132,0,0,0,0,0
133,0,0,0,0,0
134,0,0,0,0,0
135,0,0,0,0,0
136,0,0,0,0,0
137,0,0,0,0,0
138,0,0,0,0,0
139,0,0,0,0,0
140,0,0,0,0,0
141,0,0,0,0,0
142,0,0,0,0,0
143,0,0,0,0,0
144,0,0,0,0,0
145,0,0,0,0,0
146,0,0,0,0,0
147,0,0,0,0,0
148,0,0,0,0,0
149,0,0,0,0,0
150,0,0,0,0,0
151,0,0,0,0,0
152,0,0,0,0,0
153,0,0,0,0,0
154,0,0,0,0,0
155,0,0,0,0,0
156,0,0,0,0,0
157,0,0,0,0,0
158,0,0,0,0,0
159,0,0,0,0,0
160,0,0,0,0,0
161,0,0,0,0,0
162,0,0,0,0,0
163,0,0,0,0,0
164,0,0,0,0,0
165,0,0,0,0,0
166,0,0,0,0,0
167,0,0,0,0,0
168,0,0,0,0,0
169,0,0,0,0,0
170,0,0,0,0,0
171,0,0,0,0,0
172,0,0,0,0,0
173,0,0,0,0,0
174,0,0,0,0,0
175,0,0,0,0,0
176,0,0,0,0,0
177,0,0,0,0,0
178,0,0,0,0,0
179,0,0,0,0,0
180,0,0,0,0,0
181,0,0,0,0,0
182,0,0,0,0,0
183,0,0,0,0,0
184,0,0,0,0,0
185,0,0,0,0,0
186,0,0,0,0,0
187,0,0,0,0,0
188,0,0,0,0,0
189,0,0,0,0,0
190,0,0,0,0,0
191,0,0,0,0,0
192,0,0,0,0,0
193,0,0,0,0,0
194,0,0,0,0,0
195,0,0,0,0,0
196,0,0,0,0,0
197,0,0,0,0,0
198,0,0,0,0,0
199,0,0,0,0,0
200,0,0,0,0,0
201,0,0,0,0,0
202,0,0,0,0,0
203,0,0,0,0,0
204,0,0,0,0,0
205,0,0,0,0,0
206,0,0,0,0,0
207,0,0,0,0,0
208,0,0,0,0,0
209,0,0,0,0,0
210,0,0,0,0,0
211,0,0,0,0,0
212,0,0,0,0,0
213,0,0,0,0,0
214,0,0,0,0,0
215,0,0,0,0,0
216,0,0,0,0,0
217,0,0,0,0,0
218,0,0,0,0,0
219,0,0,0,0,0
220,0,0,0,0,0
221,0,0,0,0,0
222,0,0,0,0,0
223,0,0,0,0,0
224,0,0,0,0,0
225,0,0,0,0,0
226,0,0,0,0,0
227,0,0,0,0,0
228,0,0,0,0,0
229,0,0,0,0,0
230,0,0,0,0,0
231,0,0,0,0,0
232,0,0,0,0,0
233,0,0,0,0,0
234,0,0,0,0,0
235,0,0,0,0,0
236,0,0,0,0,0
237,0,0,0,0,0
238,0,0,0,0,0
239,0,0,0,0,0
240,0,0,0,0,0
241,0,0,0,0,0
242,0,0,0,0,0
243,0,0,0,0,0
244,0,0,0,0,0
245,0,0,0,0,0
246,0,0,0,0,0
247,0,0,0,0,0
248,0,0,0,0,0
249,0,0,0,0,0
250,0,0,0,0,0
251,0,0,0,0,0
252,0,0,0,0,0
253,0,0,0,0,0
254,0,0,0,0,0
255,0,0,0,0,0
256,0,0,0,0,0
257,0,0,0,0,0
258,0,0,0,0,0
259,0,0,0,0,0
260,0,0,0,0,0
261,0,0,0,0,0
262,0,0,0,0,0
263,0,0,0,0,0
264,0,0,0,0,0
265,0,0,0,0,0
266,0,0,0,0,0
267,0,0,0,0,0
268,0,0,0,0,0
269,0,0,0,0,0
270,0,0,0,0,0
271,0,0,0,0,0
272,0,0,0,0,0
273,0,0,0,0,0
274,0,0,0,0,0
275,0,0,0,0,0
276,0,0,0,0,0
277,0,0,0,0,0
278,0,0,0,0,0
279,0,0,0,0,0
280,0,0,0,0,0
281,0,0,0,0,0
282,0,0,0,0,0
283,0,0,0,0,0
284,0,0,0,0,0
285,0,0,0,0,0
286,0,0,0,0,0
287,0,0,0,0,0
288,0,0,0,0,0
289,0,0,0,0,0
290,0,0,0,0,0
291,0,0,0,0,0
292,0,0,0,0,0
293,0,0,0,0,0
294,0,0,0,0,0
295,0,0,0,0,0
296,0,0,0,0,0
297,0,0,0,0,0
298,0,0,0,0,0
299,0,0,0,0,0
300,0,0,0,0,0
301,0,0,0,0,0
302,0,0,0,0,0
303,0,0,0,0,0
304,0,0,0,0,0
305,0,0,0,0,0
306,0,0,0,0,0
307,0,0,0,0,0
308,0,0,0,0,0
309,0,0,0,0,0
310,0,0,0,0,0
311,0,0,0,0,0
312,0,0,0,0,0
313,0,0,0,0,0
314,0,0,0,0,0
315,0,0,0,0,0
316,0,0,0,0,0
317,0,0,0,0,0
318,0,0,0,0,0
319,0,0,0,0,0
320,0,0,0,0,0
321,0,0,0,0,0
322,0,0,0,0,0
323,0,0,0,0,0
324,0,0,0,0,0
325,0,0,0,0,0
326,0,0,0,0,0
327,0,0,0,0,0
328,0,0,0,0,0
329,0,0,0,0,0
330,0,0,0,0,0
331,0,0,0,0,0
332,0,0,0,0,0
333,0,0,0,0,0
334,0,0,0,0,0
335,0,0,0,0,0
336,0,0,0,0,0
337,0,0,0,0,0
338,0,0,0,0,0
339,0,0,0,0,0
340,0,0,0,0,0
341,0,0,0,0,0
342,0,0,0,0,0
343,0,0,0,0,0
344,0,0,0,0,0
345,0,0,0,0,0
346,0,0,0,0,0
347,0,0,0,0,0
348,0,0,0,0,0
349,0,0,0,0,0
350,0,0,0,0,0
351,0,0,0,0,0
352,0,0,0,0,0
353,0,0,0,0,0
354,0,0,0,0,0
355,0,0,0,0,0
356,0,0,0,0,0
357,0,0,0,0,0
358,0,0,0,0,0
359,0,0,0,0,0
360,0,0,0,0,0
361,0,0,0,0,0
362,0,0,0,0,0
363,0,0,0,0,0
364,0,0,0,0,0
365,0,0,0,0,0
366,0,0,0,0,0
367,0,0,0,0,0
368,0,0,0,0,0
369,0,0,0,0,0
370,0,0,0,0,0
371,0,0,0,0,0
372,0,0,0,0,0
373,0,0,0,0,0
374,0,0,0,0,0
375,0,0,0,0,0
376,0,0,0,0,0
377,0,0,0,0,0
378,0,0,0,0,0
379,0,0,0,0,0
380,0,0,0,0,0
381,0,0,0,0,0
382,0,0,0,0,0
383,0,0,0,0,0
384,0,0,0,0,0
385,0,0,0,0,0
386,0,0,0,0,0
387,0,0,0,0,0
388,0,0,0,0,0
389,0,0,0,0,0
390,0,0,0,0,0
391,0,0,0,0,0
392,0,0,0,0,0
393,0,0,0,0,0
394,0,0,0,0,0
395,0,0,0,0,0
396,0,0,0,0,0
397,0,0,0,0,0
398,0,0,0,0,0
399,0,0,0,0,0
400,0,0,0,0,0
401,0,0,0,0,0
402,0,0,0,0,0
403,0,0,0,0,0
404,0,0,0,0,0
405,0,0,0,0,0
406,0,0,0,0,0
407,0,0,0,0,0
408,0,0,0,0,0
409,0,0,0,0,0
410,0,0,0,0,0
411,0,0,0,0,0
412,0,0,0,0,0
413,0,0,0,0,0
414,0,0,0,0,0
415,0,0,0,0,0
416,0,0,0,0,0
417,0,0,0,0,0
418,0,0,0,0,0
419,0,0,0,0,0
420,0,0,0,0,0
421,0,0,0,0,0
422,0,0,0,0,0
423,0,0,0,0,0
424,0,0,0,0,0
425,0,0,0,0,0
426,0,0,0,0,0
427,0,0,0,0,0
428,0,0,0,0,0
429,0,0,0,0,0
430,0,0,0,0,0
431,0,0,0,0,0
432,0,0,0,0,0
433,0,0,0,0,0
434,0,0,0,0,0
435,0,0,0,0,0
436,0,0,0,0,0
437,0,0,0,0,0
438,0,0,0,0,0
439,0,0,0,0,0
440,0,0,0,0,0
441,0,0,0,0,0
442,0,0,0,0,0
443,0,0,0,0,0
444,0,0,0,0,0
445,0,0,0,0,0
446,0,0,0,0,0
447,0,0,0,0,0
448,0,0,0,0,0
449,0,0,0,0,0
450,0,0,0,0,0
451,0,0,0,0,0
452,0,0,0,0,0
453,0,0,0,0,0
454,0,0,0,0,0
455,0,0,0,0,0
456,0,0,0,0,0
457,0,0,0,0,0
458,0,0,0,0,0
459,0,0,0,0,0
460,0,0,0,0,0
461,0,0,0,0,0
462,0,0,0,0,0
463,0,0,0,0,0
464,0,0,0,0,0
465,0,0,0,0,0
466,0,0,0,0,0
467,0,0,0,0,0
468,0,0,0,0,0
469,0,0,0,0,0
470,0,0,0,0,0
471,0,0,0,0,0
472,0,0,0,0,0
473,0,0,0,0,0
474,0,0,0,0,0
475,0,0,0,0,0
476,0,0,0,0,0
477,0,0,0,0,0
478,0,0,0,0,0
479,0,0,0,0,0
480,0,0,0,0,0
481,0,0,0,0,0
482,0,0,0,0,0
483,0,0,0,0,0
484,0,0,0,0,0
485,0,0,0,0,0
486,0,0,0,0,0
487,0,0,0,0,0
488,0,0,0,0,0
489,0,0,0,0,0
490,0,0,0,0,0
491,0,0,0,0,0
492,0,0,0,0,0
493,0,0,0,0,0
494,0,0,0,0,0
495,0,0,0,0,0
496,0,0,0,0,0
497,0,0,0,0,0
498,0,0,0,0,0
499,0,0,0,0,0
500,0,0,0,0,0
501,0,0,0,0,0
502,0,0,0,0,0
503,0,0,0,0,0
504,0,0,0,0,0
505,0,0,0,0,0
506,0,0,0,0,0
507,0,0,0,0,0
508,0,0,0,0,0
509,0,0,0,0,0
510,0,0,0,0,0
511,0,0,0,0,0
512,0,0,0,0,0
513,0,0,0,0,0
514,0,0,0,0,0
515,0,0,0,0,0
516,0,0,0,0,0
517,0,0,0,0,0
518,0,0,0,0,0
519,0,0,0,0,0
520,0,0,0,0,0
521,0,0,0,0,0
522,0,0,0,0,0
523,0,0,0,0,0
524,0,0,0,0,0
525,0,0,0,0,0
526,0,0,0,0,0
527,0,0,0,0,0
528,0,0,0,0,0
529,0,0,0,0,0
530,0,0,0,0,0
531,0,0,0,0,0
532,0,0,0,0,0
533,0,0,0,0,0
534,0,0,0,0,0
535,0,0,0,0,0
536,0,0,0,0,0
537,0,0,0,0,0
538,0,0,0,0,0
539,0,0,0,0,0
540,0,0,0,0,0
541,0,0,0,0,0
542,0,0,0,0,0
543,0,0,0,0,0
544,0,0,0,0,0
545,0,0,0,0,0
546,0,0,0,0,0
547,0,0,0,0,0
548,0,0,0,0,0
549,0,0,0,0,0
550,0,0,0,0,0
551,0,0,0,0,0
552,0,0,0,0,0
553,0,0,0,0,0
554,0,0,0,0,0
555,0,0,0,0,0
556,0,0,0,0,0
557,0,0,0,0,0
558,0,0,0,0,0
559,0,0,0,0,0
560,0,0,0,0,0
561,0,0,0,0,0
562,0,0,0,0,0
563,0,0,0,0,0
564,0,0,0,0,0
565,0,0,0,0,0
566,0,0,0,0,0
567,0,0,0,0,0
568,0,0,0,0,0
569,0,0,0,0,0
570,0,0,0,0,0
571,0,0,0,0,0
572,0,0,0,0,0
573,0,0,0,0,0
574,0,0,0,0,0
575,0,0,0,0,0
576,0,0,0,0,0
577,0,0,0,0,0
578,0,0,0,0,0
579,0,0,0,0,0
580,0,0,0,0,0
581,0,0,0,0,0
582,0,0,0,0,0
583,0,0,0,0,0
584,0,0,0,0,0
585,0,0,0,0,0
586,0,0,0,0,0
587,0,0,0,0,0
588,0,0,0,0,0
589,0,0,0,0,0
590,0,0,0,0,0
591,0,0,0,0,0
592,0,0,0,0,0
593,0,0,0,0,0
594,0,0,0,0,0
595,0,0,0,0,0
596,0,0,0,0,0
597,0,0,0,0,0
598,0,0,0,0,0
599,0,0,0,0,0
600,0,0,0,0,0
601,0,0,0,0,0
602,0,0,0,0,0
603,0,0,0,0,0
604,0,0,0,0,0
605,0,0,0,0,0
606,0,0,0,0,0
607,0,0,0,0,0
608,0,0,0,0,0
609,0,0,0,0,0
610,0,0,0,0,0
611,0,0,0,0,0
612,0,0,0,0,0
613,0,0,0,0,0
614,0,0,0,0,0
615,0,0,0,0,0
616,0,0,0,0,0
617,0,0,0,0,0
618,0,0,0,0,0
619,0,0,0,0,0
620,0,0,0,0,0
621,0,0,0,0,0
622,0,0,0,0,0
623,0,0,0,0,0
624,0,0,0,0,0
625,0,0,0,0,0
626,0,0,0,0,0
627,0,0,0,0,0
628,0,0,0,0,0
629,0,0,0,0,0
630,0,0,0,0,0
631,0,0,0,0,0
632,0,0,0,0,0
633,0,0,0,0,0
634,0,0,0,0,0
635,0,0,0,0,0
636,0,0,0,0,0
637,0,0,0,0,0
638,0,0,0,0,0
639,0,0,0,0,0
640,0,0,0,0,0
641,0,0,0,0,0
642,0,0,0,0,0
643,0,0,0,0,0
644,0,0,0,0,0
645,0,0,0,0,0
646,0,0,0,0,0
647,0,0,0,0,0
648,0,0,0,0,0
649,0,0,0,0,0
650,0,0,0,0,0
651,0,0,0,0,0
652,0,0,0,0,0
653,0,0,0,0,0
654,0,0,0,0,0
655,0,0,0,0,0
656,0,0,0,0,0
657,0,0,0,0,0
658,0,0,0,0,0
659,0,0,0,0,0
660,0,0,0,0,0
661,0,0,0,0,0
662,0,0,0,0,0
663,0,0,0,0,0
664,0,0,0,0,0
665,0,0,0,0,0
666,0,0,0,0,0
667,0,0,0,0,0
668,0,0,0,0,0
669,0,0,0,0,0
670,0,0,0,0,0
671,0,0,0,0,0
672,0,0,0,0,0
673,0,0,0,0,0
674,0,0,0,0,0
675,0,0,0,0,0
676,0,0,0,0,0
677,0,0,0,0,0
678,0,0,0,0,0
679,0,0,0,0,0
680,0,0,0,0,0
681,0,0,0,0,0
682,0,0,0,0,0
683,0,0,0,0,0
684,0,0,0,0,0
685,0,0,0,0,0
686,0,0,0,0,0
687,0,0,0,0,0
688,0,0,0,0,0
689,0,0,0,0,0
690,0,0,0,0,0
691,0,0,0,0,0
692,0,0,0,0,0
693,0,0,0,0,0
694,0,0,0,0,0
695,0,0,0,0,0
696,0,0,0,0,0
697,0,0,0,0,0
698,0,0,0,0,0
699,0,0,0,0,0
700,0,0,0,0,0
701,0,0,0,0,0
